ORG,Gene,AUC,Gene len (bp),Exon1 len (bp),Exon2 len (bp),Intron len (bp),5ss-BP len (bp),BP-3ss len (bp),"ΔG per bp, intron","ΔG  per bp, 5ss-BP","ΔG  per bp, 3ss-BP","ΔG, 5ss","ΔG, 3ss",5ss Score,BP score,3ss Score,A,U,G,C,AA,UA,GA,CA,AU,UU,GU,CU,AG,UG,GG,CG,AC,UC,GC,CC,AAA,UAA,GAA,CAA,AUA,UUA,GUA,CUA,AGA,UGA,GGA,CGA,ACA,UCA,GCA,CCA,AAU,UAU,GAU,CAU,AUU,UUU,GUU,CUU,AGU,UGU,GGU,CGU,ACU,UCU,GCU,CCU,AAG,UAG,GAG,CAG,AUG,UUG,GUG,CUG,AGG,UGG,GGG,CGG,ACG,UCG,GCG,CCG,AAC,UAC,GAC,CAC,AUC.1,UUC,GUC,CUC,AGC,UGC,GGC,CGC,ACC,UCC,GCC,CCC,Rpo21_S2IP,Rpo21_S5IP,Rpo21_S7IP,Rpo21_T4IP,Rpo21_Y1IP
YFL039C,ACT1,0.481,1437,10,1118,309,266,44,-0.161,-0.163,-0.03,-2.9,-1.9,69.443,82.435,58.528,0.288,0.392,0.146,0.175,0.101,0.101,0.052,0.036,0.107,0.159,0.042,0.084,0.032,0.071,0.019,0.019,0.049,0.062,0.029,0.036,0.049,0.029,0.02,0.003,0.039,0.026,0.013,0.023,0.013,0.023,0.007,0.01,0.003,0.01,0.007,0.016,0.023,0.042,0.023,0.02,0.049,0.072,0.013,0.026,0.01,0.023,0.003,0.003,0.026,0.029,0.02,0.01,0.013,0.013,0.007,0,0.01,0.036,0.01,0.016,0.003,0.007,0.007,0.003,0.007,0.01,0.003,0,0.016,0.016,0.003,0.013,0.01,0.026,0.007,0.02,0.003,0.02,0.003,0.003,0.013,0.013,0,0.01,-0.2290684469,0.2091594875,-0.2006558375,-0.196891925,0.0195232063
YDL029W,ARP2,0.235,1299,22,1154,123,109,15,-0.227,-0.201,0.2,-3.7,-5.8,77.872,68.995,38.754,0.187,0.447,0.187,0.179,0.025,0.107,0.033,0.025,0.098,0.213,0.066,0.074,0.041,0.09,0.033,0.016,0.025,0.041,0.049,0.066,0,0.017,0,0.008,0.041,0.041,0.008,0.017,0,0.017,0.008,0.008,0,0,0.017,0.008,0.017,0.05,0.017,0.017,0.041,0.107,0.033,0.033,0.017,0.033,0.008,0,0.008,0.025,0.017,0.025,0,0.025,0.017,0,0.008,0.058,0.025,0,0.008,0.017,0,0.008,0,0.017,0,0,0.008,0.017,0,0,0.008,0.008,0,0.025,0.008,0.025,0.017,0,0.017,0,0.017,0.033,-0.5613573333,0.1579188333,-0.4708618167,-0.6042623333,-0.1924363333
YML036W,CGI121,0.74,652,456,90,106,65,42,-0.092,-0.088,0.043,-0.7,0.5,97.854,74.816,48.436,0.302,0.406,0.104,0.189,0.114,0.105,0.019,0.067,0.067,0.219,0.057,0.067,0.038,0.038,0.01,0.01,0.086,0.048,0.01,0.048,0.048,0.048,0.01,0.01,0.019,0.038,0.029,0.019,0.01,0,0,0.01,0.029,0.029,0,0.01,0.029,0.029,0,0.01,0.038,0.115,0.029,0.038,0,0.038,0.01,0,0.029,0,0,0.038,0,0.01,0.01,0.019,0.01,0.029,0,0,0.01,0,0,0,0,0.01,0,0,0.038,0.019,0,0.029,0,0.038,0,0.01,0.01,0,0,0,0.029,0.01,0.01,0,-0.0541543167,-0.0356161,0.0639777167,-0.1199672667,-0.05811315
YBL059C-A,CMC2,0.856,415,34,296,85,57,29,-0.074,-0.111,0.1,-2.2,-1.4,52.395,87.947,41.366,0.2,0.459,0.106,0.235,0.024,0.107,0.024,0.048,0.095,0.214,0.048,0.107,0.036,0.048,0,0.012,0.048,0.095,0.024,0.071,0,0.024,0,0,0.024,0.036,0.036,0.012,0.012,0,0,0.012,0.012,0.024,0,0.012,0,0.048,0.012,0.036,0.06,0.096,0,0.06,0.012,0.024,0,0,0.036,0.036,0.012,0.024,0.012,0.012,0,0.012,0,0.024,0.012,0.012,0,0,0,0,0,0,0,0.012,0.012,0.024,0.012,0,0.012,0.06,0,0.024,0,0.024,0,0,0,0.036,0.012,0.024,-0.111281075,-0.128197825,-0.0115339925,-0.128197825,0.1514297
YKL190W,CNB1,0.499,604,52,476,76,58,19,-0.143,-0.086,0.037,-4.5,-1.1,80.78,85.338,38.644,0.395,0.224,0.237,0.145,0.16,0.067,0.12,0.053,0.04,0.093,0.04,0.053,0.08,0.053,0.067,0.027,0.12,0.013,0,0.013,0.068,0.027,0.068,0,0,0.027,0.027,0.014,0.027,0.041,0.041,0.014,0.054,0,0,0,0.014,0.014,0.014,0,0.027,0.041,0,0.027,0.014,0.014,0,0,0.054,0,0,0,0.041,0,0.027,0.014,0.014,0.014,0.014,0.014,0.027,0,0.027,0.014,0,0.014,0,0.014,0.041,0.027,0.014,0.041,0,0.014,0,0,0,0,0,0,0.014,0,0,0,-0.4127205,-0.28364375,-0.63338775,-0.68276525,-0.167956075
YLL050C,COF1,0.483,611,14,418,179,47,133,-0.228,-0.017,-0.221,-3.2,-1.6,40.02,87.192,26.325,0.291,0.369,0.173,0.168,0.135,0.079,0.045,0.034,0.084,0.129,0.062,0.096,0.034,0.09,0.039,0.006,0.039,0.073,0.022,0.034,0.056,0.04,0.034,0.006,0.006,0.028,0.023,0.023,0.006,0.017,0.023,0,0.011,0.017,0,0.006,0.034,0.023,0.006,0.023,0.028,0.062,0.011,0.028,0.006,0.051,0,0,0.028,0.028,0.017,0.023,0.023,0.006,0,0.006,0.04,0.011,0.023,0.017,0.011,0.011,0.017,0,0,0.006,0,0,0.023,0.011,0.006,0,0.011,0.028,0.006,0.028,0.006,0.011,0,0.006,0,0.023,0.006,0.006,-0.41763175,0.030094875,0.0306087,-0.631088,-0.170650125
YIL111W,COX5B,0.219,544,1,455,88,57,32,-0.125,-0.028,-0.106,-2.7,-7.9,53.968,99.43,26.602,0.33,0.352,0.17,0.148,0.103,0.08,0.046,0.103,0.08,0.184,0.069,0.023,0.069,0.069,0.011,0.011,0.08,0.023,0.034,0.011,0.035,0.035,0,0.035,0.023,0.023,0.023,0.012,0.012,0.023,0,0.012,0.058,0,0.035,0.012,0,0.023,0.023,0.035,0.035,0.116,0.035,0,0.023,0.035,0.012,0,0.023,0,0,0,0.035,0,0.023,0.012,0.012,0.035,0.012,0.012,0.012,0,0,0,0,0.012,0,0,0.035,0.023,0,0.023,0.012,0.012,0,0,0.012,0.012,0,0,0,0.012,0,0,-0.57717585,-0.480626125,-0.27532775,-0.8338,-0.43607725
YNL130C,CPT1,0.586,1274,50,1132,92,58,35,-0.076,-0.084,-0.06,-3.3,-4.4,76.89,80.666,50.713,0.348,0.37,0.12,0.163,0.154,0.143,0.022,0.033,0.11,0.11,0.044,0.11,0.022,0.077,0.011,0,0.066,0.044,0.033,0.022,0.067,0.067,0.011,0.011,0.022,0.056,0.022,0.044,0.011,0.011,0,0,0.011,0,0.022,0,0.056,0.044,0,0.011,0.044,0.011,0.011,0.044,0,0.033,0,0,0.044,0.044,0.011,0.011,0.011,0.011,0,0,0.011,0.033,0.011,0.022,0,0.011,0,0,0,0,0,0,0.022,0.022,0.011,0.011,0.033,0.011,0,0,0,0.022,0.011,0,0.011,0,0,0.011,-0.44399725,-0.8832115,-0.28572375,-0.5886318125,-0.38664625
YBL040C,ERD2,0.756,757,22,638,97,63,35,-0.161,-0.149,-0.126,-4.7,-3.1,84.952,77.714,15.856,0.268,0.289,0.206,0.237,0.062,0.062,0.083,0.062,0.062,0.135,0.042,0.052,0.083,0.031,0.042,0.042,0.062,0.062,0.031,0.083,0.011,0.011,0.021,0.021,0,0.021,0.021,0.021,0.042,0.011,0.011,0.021,0.021,0.021,0,0.021,0.011,0.021,0.011,0.021,0.011,0.074,0.021,0.032,0.011,0.011,0,0.011,0.021,0.011,0.021,0,0.021,0.011,0.032,0.021,0.021,0.011,0,0,0.021,0.011,0.011,0,0,0.011,0,0.032,0.021,0.021,0.021,0,0.032,0.032,0,0,0,0,0.021,0.011,0.021,0.021,0.011,0.032,-0.11159162,0.70074268,-0.25907904,-0.3037798,0.274821848
YMR292W,GOT1,0.597,499,22,395,82,64,19,-0.117,-0.108,0.132,-4.3,-2.5,88.034,100,58.362,0.22,0.463,0.134,0.183,0.037,0.111,0.049,0.025,0.049,0.259,0.049,0.111,0.062,0.037,0,0.025,0.074,0.062,0.025,0.025,0,0.025,0,0.013,0.013,0.062,0.013,0.025,0.037,0,0,0.013,0.013,0.013,0,0,0.013,0.025,0.013,0,0.013,0.15,0.037,0.062,0.013,0.013,0,0.013,0.05,0.025,0.025,0.013,0,0.037,0.025,0,0.025,0.013,0,0,0,0,0,0,0.013,0,0,0.013,0.025,0.025,0.013,0.013,0,0.037,0,0.025,0,0.025,0,0,0,0.025,0,0,-0.1962038125,0.34084285,-0.01633155,-0.44409065,-0.06318165
YNL038W,GPI15,0.888,764,591,99,74,61,14,-0.122,-0.128,0.15,-4.5,-2.6,64.93,73.623,25.909,0.365,0.324,0.149,0.162,0.123,0.096,0.068,0.082,0.11,0.123,0.041,0.055,0.055,0.055,0,0.027,0.082,0.055,0.027,0,0.014,0.028,0.028,0.056,0.014,0.042,0.028,0.014,0.028,0.014,0,0.028,0.042,0.028,0.014,0,0.042,0.028,0.042,0,0.056,0.028,0.014,0.028,0,0.028,0,0,0.028,0.028,0,0,0.028,0.014,0,0.014,0.028,0.014,0,0.014,0,0,0,0,0.014,0,0.014,0,0.042,0.028,0,0.014,0.014,0.042,0,0,0.014,0.014,0,0,0,0,0,0,0.0347044,-0.0782696,0.0694444,-0.0782696,-0.000612875
YDL125C,HNT1,0.335,588,97,380,111,89,23,-0.116,-0.129,0.026,-1.6,-4.3,82.357,88.285,16.1,0.378,0.252,0.153,0.216,0.091,0.136,0.045,0.109,0.127,0.018,0.045,0.064,0.064,0.045,0.009,0.027,0.1,0.055,0.045,0.018,0.018,0.037,0.009,0.028,0.055,0.018,0.028,0.037,0.018,0.009,0,0.018,0.064,0.018,0.018,0.009,0.037,0.037,0.028,0.028,0.009,0,0,0.009,0.018,0.018,0,0,0.028,0.018,0.018,0,0.018,0.018,0.009,0.018,0.046,0,0,0,0,0.009,0,0,0,0.009,0.009,0.009,0.018,0.046,0,0.037,0.018,0,0.018,0.018,0.018,0.009,0.009,0.009,0.009,0.009,0,0,-0.248412,0.2894245833,-0.0010708117,-0.4158912,0.2280826133
YNL004W,HRB1,0.266,1707,30,1335,342,324,19,-0.21,-0.219,0.068,-1.8,-3.8,91.412,47.481,54.258,0.307,0.363,0.187,0.143,0.114,0.085,0.059,0.05,0.109,0.135,0.059,0.062,0.041,0.097,0.038,0.009,0.044,0.047,0.029,0.023,0.041,0.029,0.026,0.018,0.018,0.038,0.012,0.018,0.012,0.038,0.006,0.003,0.006,0.026,0.006,0.012,0.044,0.032,0.009,0.024,0.041,0.047,0.026,0.021,0.015,0.024,0.018,0,0.021,0.015,0.018,0.009,0.015,0.009,0.015,0.003,0.041,0.029,0.012,0.015,0.012,0.015,0.012,0,0.009,0,0,0,0.015,0.015,0.009,0.006,0.009,0.021,0.009,0.009,0,0.021,0.003,0.006,0.009,0.006,0.006,0.003,-0.0142164176,0.0649350588,0.0100768506,-0.1358667588,-0.0064140029
YDR367W,KEI1,0.706,767,30,636,101,71,31,-0.088,-0.099,-0.003,-1.8,-1.5,97.854,80.14,83.117,0.307,0.386,0.139,0.168,0.13,0.09,0.02,0.07,0.08,0.21,0.05,0.05,0.04,0.04,0.02,0.03,0.06,0.05,0.04,0.02,0.04,0.04,0.01,0.04,0.03,0.02,0.02,0.02,0,0,0.01,0.01,0.02,0.02,0.03,0,0.02,0.03,0.01,0.02,0.04,0.131,0.03,0.01,0,0.04,0,0,0.02,0.01,0.01,0.01,0.03,0.01,0,0,0.01,0.02,0,0.01,0.01,0,0,0.01,0.01,0.01,0,0.01,0.04,0.01,0,0.01,0,0.04,0,0.01,0.02,0,0.01,0.01,0.01,0.01,0,0,0.07723856,0.05446976,0.0179536,-0.2604292,0.07765598
YBL026W,LSM2,0.846,416,54,234,128,92,37,-0.145,-0.097,-0.024,-4.8,-2.3,83.052,62.233,38.986,0.305,0.359,0.156,0.18,0.118,0.087,0.039,0.063,0.087,0.15,0.087,0.039,0.031,0.063,0.024,0.031,0.071,0.063,0,0.047,0.048,0.024,0.024,0.024,0.016,0.024,0.032,0.016,0.008,0.024,0.008,0,0.024,0.032,0,0.008,0.024,0.024,0.016,0.024,0.032,0.071,0.04,0.008,0.016,0.04,0.008,0.016,0.024,0,0,0.016,0.024,0,0,0.008,0.016,0.032,0.008,0.008,0,0,0.008,0.016,0.016,0.016,0,0,0.024,0.04,0,0.008,0.024,0.024,0.008,0.008,0,0,0,0,0.008,0.016,0,0.024,-0.0932531429,-0.2249007,0.0438601429,-0.0419174286,-0.3222268571
YGL226C-A,OST5,0.48,410,21,240,149,103,47,-0.163,-0.136,-0.145,-3.9,-3,56.881,94.811,23.706,0.262,0.369,0.161,0.208,0.081,0.088,0.027,0.068,0.081,0.149,0.068,0.074,0.034,0.074,0.02,0.027,0.068,0.061,0.041,0.041,0,0.048,0.007,0.027,0.02,0.02,0.027,0.02,0,0.02,0.007,0,0.041,0.014,0.007,0.007,0.041,0.014,0.014,0.014,0.034,0.054,0.034,0.027,0.014,0.034,0.007,0.007,0.014,0.02,0.014,0.027,0.014,0.014,0,0.007,0.02,0.027,0.007,0.02,0.007,0.007,0,0.007,0.014,0.014,0,0,0.027,0.014,0.007,0.02,0.007,0.048,0,0.007,0.007,0.014,0.007,0.014,0,0.014,0.02,0.007,-0.2497199571,-0.2613321429,-0.0877382643,-0.3340073571,0.0037007071
YOR122C,PFY1,0.177,590,13,368,209,137,73,-0.168,-0.147,-0.108,-7.4,-1,80.356,76.39,61.935,0.335,0.335,0.182,0.148,0.139,0.062,0.082,0.053,0.096,0.149,0.053,0.038,0.048,0.077,0.019,0.034,0.053,0.048,0.024,0.024,0.048,0.029,0.034,0.029,0.01,0.029,0.014,0.01,0.024,0.034,0.01,0.014,0.024,0.019,0.005,0.005,0.048,0.019,0.019,0.01,0.043,0.072,0.019,0.014,0.01,0.024,0.005,0.01,0.019,0.01,0.005,0.005,0.014,0.005,0.019,0.01,0.034,0.024,0.014,0.005,0.005,0.01,0,0.005,0.005,0.01,0.01,0.01,0.029,0.01,0.01,0.005,0.01,0.024,0.005,0.01,0.005,0.01,0.005,0.005,0.005,0.01,0.005,0.005,-0.48887349,-0.076755225,-0.5858758,-0.8822192,-0.38169427
YPL031C,PHO85,1.015,1020,17,901,102,61,42,-0.131,-0.146,-0.09,0,-2.5,66.923,87.715,29.3,0.422,0.265,0.176,0.137,0.168,0.119,0.089,0.05,0.109,0.04,0.059,0.059,0.089,0.05,0.01,0.02,0.059,0.059,0.01,0.01,0.07,0.02,0.06,0.02,0.04,0,0.04,0.04,0.03,0.03,0.01,0.02,0.02,0.03,0,0,0.03,0.05,0.01,0.02,0.01,0.02,0.01,0,0.04,0.01,0,0,0.02,0.02,0.01,0.01,0.03,0.03,0.02,0.01,0.04,0.01,0,0,0,0.01,0,0,0.01,0.01,0,0,0.04,0.02,0,0,0.02,0.01,0.01,0.02,0.01,0,0,0,0.01,0,0,0,-0.5154262,0.0721645,-0.4323138,-0.5556172,-0.5621336
YJL001W,PRE3,0.649,764,65,583,116,82,35,-0.139,-0.141,-0.083,-0.6,-1.8,80.881,87.192,51.299,0.353,0.379,0.112,0.155,0.148,0.157,0.017,0.035,0.122,0.122,0.061,0.078,0.052,0.035,0.017,0,0.035,0.07,0.009,0.043,0.044,0.07,0.018,0.018,0.053,0.035,0.035,0.035,0.009,0.009,0,0,0,0.026,0,0.009,0.061,0.061,0,0,0.035,0.044,0.018,0.026,0.026,0.018,0.009,0,0.026,0.026,0,0.026,0.035,0.018,0,0,0.018,0.018,0,0,0.009,0.009,0,0,0,0,0,0,0.009,0.009,0,0.018,0.018,0.026,0.009,0.018,0,0,0.009,0,0.009,0.018,0.009,0.009,-0.4354036667,-0.2918620333,-0.2428510167,-0.7439058333,-0.3369202
YHR001W-A,QCR10,0.813,297,6,228,63,49,15,-0.092,-0.084,0.26,-4.4,-1.2,42.059,92.904,65.442,0.381,0.333,0.143,0.143,0.081,0.21,0.048,0.048,0.161,0.065,0.065,0.048,0.081,0.032,0,0.016,0.065,0.032,0.016,0.032,0,0.049,0.033,0,0.066,0.049,0.049,0.049,0.016,0.016,0,0.016,0.033,0.016,0,0,0.033,0.098,0,0.033,0.049,0.016,0,0,0.033,0.016,0,0,0.016,0,0.016,0.016,0.016,0.033,0.016,0.016,0.016,0,0.016,0,0,0,0,0,0,0,0,0.016,0.033,0.033,0,0,0.033,0,0,0,0.016,0,0,0,0.016,0.016,0,0,-0.2875583333,0.0208063333,-0.1752407667,-0.4230343333,-0.3210296667
YGR183C,QCR9,0.79,414,3,198,213,192,22,-0.255,-0.256,0.018,-5.4,-1.7,85.793,89.751,33.492,0.263,0.324,0.23,0.183,0.08,0.071,0.047,0.066,0.094,0.099,0.08,0.052,0.057,0.104,0.038,0.028,0.033,0.052,0.061,0.038,0.028,0.014,0.024,0.014,0.009,0.033,0.014,0.014,0,0.024,0.009,0.014,0.014,0.019,0.014,0.019,0.033,0.033,0.005,0.024,0.024,0.019,0.028,0.028,0.014,0.038,0.014,0.009,0.009,0.009,0.028,0.005,0.009,0.019,0.009,0.019,0.047,0.014,0.038,0.005,0.009,0.024,0.005,0,0.005,0,0.014,0.009,0.009,0.005,0.009,0.009,0.014,0.033,0,0.005,0.028,0.019,0.009,0.005,0.005,0.024,0.005,0.005,-0.00251521,0.17138558,-0.2213876,-0.1879305,-0.04195412
YOL048C,RRT8,0.569,1107,285,744,78,49,30,-0.119,-0.12,0.003,-1.8,-3.9,44.792,72.612,36.179,0.269,0.487,0.154,0.09,0.052,0.13,0.052,0.039,0.13,0.26,0.078,0.026,0.026,0.104,0,0.013,0.065,0,0.013,0.013,0,0.053,0,0,0.026,0.053,0.039,0.013,0,0.053,0,0,0.026,0,0.013,0,0.013,0.053,0.026,0.039,0.066,0.145,0.039,0.013,0.013,0.039,0,0.013,0.026,0,0,0,0.013,0.013,0,0,0.039,0.066,0,0,0,0,0,0,0,0,0,0.013,0.026,0.013,0.026,0,0,0,0,0,0,0.013,0,0,0.013,0,0,0,0.0120625,-0.13330555,-0.05217595,-0.063352725,0.202415325
YDR129C,SAC6,0.382,2040,21,1908,111,92,20,-0.116,-0.14,0.065,-0.6,-2.1,82.731,93.474,36.495,0.279,0.36,0.153,0.207,0.1,0.091,0.036,0.055,0.064,0.145,0.064,0.091,0.045,0.064,0.009,0.027,0.073,0.064,0.036,0.036,0.046,0.028,0.018,0.009,0.028,0.018,0.028,0.018,0,0.018,0,0.018,0.028,0.009,0.009,0.009,0.018,0.028,0.009,0.009,0.018,0.073,0.028,0.028,0.018,0.018,0.009,0.009,0.028,0.037,0.009,0.018,0.009,0.018,0.009,0.009,0.018,0.009,0.009,0.028,0.009,0,0,0,0.009,0.009,0.009,0,0.028,0.018,0,0.028,0,0.046,0,0.018,0.009,0.028,0,0,0.009,0.009,0.009,0.009,-0.4912726,0.26512902,-0.3631886,-0.972266,-0.355499
YPL218W,SAR1,0.407,712,28,545,139,121,19,-0.145,-0.157,0.053,-6.1,-3.8,64.359,91.811,58.701,0.245,0.46,0.144,0.151,0.065,0.101,0.036,0.043,0.08,0.246,0.072,0.065,0.043,0.058,0.014,0.022,0.058,0.058,0.014,0.022,0.015,0.022,0.022,0.007,0.007,0.051,0.022,0.022,0.022,0.007,0.007,0,0.015,0.029,0,0,0.022,0.036,0.015,0.007,0.036,0.146,0.036,0.029,0.007,0.036,0.007,0.015,0.029,0.015,0.007,0.015,0.015,0.015,0,0.015,0.022,0.015,0.007,0.015,0,0.007,0,0.007,0.007,0.007,0.007,0,0.015,0.029,0,0.015,0.015,0.036,0.007,0,0.007,0.007,0,0,0.007,0.007,0,0.007,-0.1987871286,0.3873661429,0.07943955,-0.1446512714,-0.0149197857
YMR079W,SEC14,0.695,1071,9,906,156,117,40,-0.146,-0.142,-0.092,-2.4,-0.6,71.914,100,49.893,0.314,0.423,0.122,0.141,0.09,0.11,0.039,0.077,0.116,0.187,0.058,0.065,0.039,0.071,0.006,0,0.071,0.058,0.013,0,0.032,0.019,0.006,0.032,0.045,0.032,0.013,0.019,0.006,0.032,0,0,0.039,0.032,0.006,0,0.026,0.058,0.013,0.019,0.039,0.084,0.026,0.039,0.019,0.026,0.006,0,0.032,0.026,0.006,0,0.019,0.013,0,0.006,0.026,0.026,0.013,0.006,0,0.006,0,0,0,0,0,0,0.013,0.019,0.019,0.019,0.006,0.045,0.006,0,0.006,0.006,0,0,0,0,0,0,-0.124358625,-0.071644625,0.0858683963,-0.425156125,-0.17088155
YGL137W,SEC27,0.069,2870,18,2652,200,129,72,-0.174,-0.194,-0.108,-5.2,-1.9,100,78.948,56.742,0.33,0.3,0.185,0.185,0.121,0.07,0.07,0.07,0.095,0.126,0.03,0.05,0.06,0.07,0.015,0.035,0.055,0.035,0.065,0.03,0.04,0.015,0.03,0.035,0.015,0.035,0.01,0.01,0.02,0.025,0.01,0.015,0.035,0,0.025,0.01,0.03,0.02,0.025,0.02,0.045,0.051,0.02,0.01,0.005,0.01,0,0.01,0.015,0.01,0.01,0.015,0.03,0.015,0.005,0.01,0.03,0.03,0,0.01,0.01,0.005,0,0,0,0.01,0.02,0.005,0.02,0.02,0.01,0.005,0.005,0.01,0,0.02,0.02,0.03,0.005,0.01,0.005,0.015,0.01,0,0.04543769,0.05806348,-0.03931582,-0.31658764,-0.02009861
YAL030W,SNC1,0.568,467,102,252,113,51,63,-0.124,-0.041,-0.135,-7.2,-2.4,40.661,85.285,61.514,0.319,0.363,0.142,0.177,0.062,0.152,0.036,0.071,0.107,0.134,0.071,0.054,0.062,0.027,0.009,0.036,0.089,0.054,0.018,0.018,0.018,0.027,0.018,0,0.045,0.045,0.036,0.027,0.018,0.009,0.009,0,0.045,0.009,0,0.018,0.009,0.045,0.009,0.045,0.036,0.045,0.027,0.027,0.018,0.009,0,0.036,0.027,0.027,0,0,0.018,0.018,0.009,0.018,0.009,0.009,0.009,0,0.009,0,0,0,0.009,0.018,0.009,0,0.018,0.063,0,0.009,0.018,0.036,0,0,0.009,0.009,0,0,0.009,0,0.009,0,-0.13705974,0.010750934,-0.14152852,-0.230732,-0.00505386
YML085C,TUB1,0.414,1460,25,1319,116,75,42,-0.109,-0.112,-0.019,-2.3,-6.5,89.395,86.623,52.861,0.181,0.5,0.138,0.181,0.043,0.052,0.026,0.061,0.07,0.322,0.052,0.061,0.035,0.043,0.017,0.035,0.035,0.087,0.035,0.026,0.018,0.009,0,0.018,0,0.026,0.009,0.018,0.009,0.009,0,0.009,0.009,0.035,0.009,0.009,0.009,0.009,0.026,0.026,0.044,0.211,0.035,0.035,0.009,0.018,0,0.018,0.018,0.035,0.009,0,0,0.018,0,0.018,0.009,0.035,0,0,0.009,0.009,0,0,0.009,0.009,0.009,0.009,0.018,0.018,0,0,0.018,0.053,0.009,0.009,0,0.009,0.018,0.009,0,0.009,0.009,0.009,0.1060774667,0.1903265,0.0754043,-0.13986965,0.0187028333
YDR092W,UBC13,0.51,730,30,432,268,113,156,-0.245,-0.213,-0.265,-6.1,-8.6,84.959,52.316,48.1,0.306,0.284,0.187,0.224,0.112,0.064,0.052,0.079,0.056,0.101,0.056,0.071,0.064,0.052,0.03,0.037,0.075,0.067,0.045,0.037,0.041,0.008,0.03,0.034,0.03,0.008,0.008,0.019,0.019,0.019,0.011,0.004,0.026,0.019,0.023,0.011,0.011,0.023,0.008,0.015,0.008,0.045,0.019,0.03,0.015,0.023,0,0.015,0.03,0.019,0.011,0.011,0.019,0.015,0.011,0.019,0.011,0.019,0.011,0.011,0.011,0.011,0.008,0,0.019,0.004,0.004,0.011,0.041,0.019,0.004,0.011,0.008,0.03,0.019,0.011,0.015,0,0.011,0.019,0,0.026,0.008,0.004,-0.1766766154,-0.0218001308,-0.1495178846,-0.3453668308,-0.0232402469
YBR082C,UBC4,0.526,542,47,400,95,70,26,-0.113,-0.137,0.004,-2.3,-3.3,83.135,100,35.095,0.305,0.389,0.137,0.168,0.138,0.106,0.011,0.053,0.085,0.17,0.053,0.085,0.021,0.074,0.011,0.021,0.064,0.043,0.053,0.011,0.065,0.032,0.011,0.032,0,0.054,0.011,0.043,0,0.011,0,0,0.022,0.022,0,0.011,0.022,0.054,0,0.011,0.022,0.097,0.022,0.032,0.011,0.011,0,0.022,0.032,0.022,0.032,0,0.011,0.011,0,0,0.054,0.011,0.011,0,0,0.011,0,0,0.011,0,0.011,0,0.043,0.011,0,0.011,0.011,0.011,0.011,0.011,0,0.043,0.011,0,0,0,0.011,0,-0.1586806,-0.30338338,-0.34331154,-0.6486536,-0.27921521
YDL064W,UBC9,0.06,584,38,436,110,72,39,-0.18,-0.167,-0.046,-5.1,-0.9,65.778,93.474,62.011,0.3,0.364,0.145,0.191,0.083,0.119,0.028,0.073,0.083,0.147,0.064,0.073,0.055,0.046,0.018,0.018,0.083,0.055,0.028,0.028,0.009,0.037,0.019,0.019,0.028,0.037,0.046,0.009,0,0.019,0,0.009,0.046,0.009,0.009,0.009,0.028,0.019,0.009,0.028,0.019,0.065,0.019,0.046,0.028,0.019,0.009,0,0.037,0.009,0.009,0.019,0.009,0.028,0,0.019,0.019,0.019,0,0.009,0.009,0,0,0.009,0,0.009,0.009,0,0.037,0.037,0,0.009,0.019,0.028,0,0.009,0.009,0.009,0.009,0,0,0.028,0,0,-0.30171886,0.1986952,-0.357739252,-0.283892,-0.10554
YHR012W,VPS29,0.666,968,48,801,119,89,31,-0.157,-0.174,-0.074,-2.4,-3.6,72.501,87.715,36.293,0.269,0.353,0.16,0.218,0.076,0.11,0.025,0.059,0.085,0.119,0.059,0.093,0.034,0.068,0.025,0.025,0.076,0.059,0.042,0.042,0,0.043,0.009,0.026,0.034,0.034,0.026,0.017,0,0.009,0.009,0.009,0.026,0.009,0.009,0.017,0.017,0.034,0.009,0.026,0.043,0.017,0.017,0.043,0.017,0.026,0.009,0,0.026,0.034,0.009,0.026,0.009,0.026,0,0,0.009,0.026,0.017,0.017,0,0.017,0,0.009,0.017,0,0.009,0,0.051,0.009,0.009,0.009,0,0.043,0,0.017,0.009,0.017,0.009,0.009,0.009,0.017,0.017,0,-0.1724519333,0.3276686667,-0.0539142167,-0.251924,-0.1128027
YPR028W,YOP1,0.201,676,51,492,133,88,46,-0.176,-0.176,-0.022,-7,-4.4,71.997,93.474,80.847,0.301,0.308,0.158,0.233,0.091,0.076,0.038,0.098,0.076,0.129,0.061,0.045,0.053,0.045,0.023,0.03,0.083,0.061,0.03,0.061,0.023,0.031,0.015,0.023,0.008,0.015,0.023,0.031,0.015,0.008,0,0.015,0.046,0.031,0.008,0.015,0.015,0.023,0.008,0.031,0.023,0.069,0.031,0.008,0.008,0.008,0.023,0.015,0.008,0.008,0.015,0.015,0.031,0,0,0.023,0.031,0.015,0,0,0,0.023,0,0,0.008,0.008,0,0.015,0.023,0.023,0.015,0.023,0.015,0.031,0.008,0.008,0.023,0.008,0,0,0.023,0.015,0.008,0.015,-0.3566251429,-0.4716180143,-0.2504063429,-0.5747782857,-0.2249886
